fips,resp_death_rate,median_aqi,pm25_days,ozone_days
1089,0.0002172454,45.45,113.25,210.7
1033,0.00036358865,45.45,107.85,160.95
1049,0.0003046263,43.15,76.35,282.0
1079,0.0003105223,41.5,99.2,77.55
1103,0.00029879500000000003,49.3,142.75,161.25
1055,0.0004490036,51.25,165.65,120.2
1127,0.0004084920909090909,55.27272727272727,102.0,21.272727272727273
1073,0.0003083982,65.75,277.05,58.85
1121,0.0003464986111111111,52.666666666666664,108.11111111111111,30.555555555555557
1125,0.0002922135,46.85,144.85,139.85
1117,0.00014895235,46.9,69.7,201.65
1027,0.00044139434999999997,46.6,106.0,74.55
1119,0.0003898891052631579,38.94736842105263,87.78947368421052,188.47368421052633
1051,0.00020672860000000003,40.55,0.0,233.1
1091,0.0003159662857142857,18.714285714285715,0.0,0.0
1113,0.000317337,51.65,167.1,109.1
1101,0.00021045715000000002,50.6,185.4,127.0
1109,0.00029644742857142854,19.285714285714285,0.0,0.0
1069,0.00018206695,46.05,107.45,131.1
1003,0.00019156825,43.2,84.2,187.5
1053,0.00027050325,56.375,113.25,0.0
1097,0.000249331,45.1,134.15,163.3
2090,7.396e-05,41.3,241.65,33.4
2170,8.72904e-05,24.7,172.75,50.15
2020,8.606215e-05,30.4,180.8,15.75
2110,8.559e-05,27.05,245.45,0.0
4017,0.00025457755,41.15,18.25,292.45
4005,0.0001424106,46.6,17.25,343.35
4015,0.00032001035,21.95,67.15,0.0
4001,0.00029945835,17.25,58.85,0.0
4025,0.0003257418,41.1,45.75,217.55
4007,0.00027366815,49.45,31.35,201.55
4013,0.00015507195,72.6,68.9,186.45
4009,0.00028926449999999997,19.25,0.0,0.0
4021,0.00014382449999999998,71.5,36.05,140.05
4019,0.00022230155000000002,50.4,49.35,242.4
4003,0.00025162934999999997,46.45,36.75,305.15
4023,0.000151132,47.1,127.75,0.0
5089,0.0004155295,47.25,72.25,0.0
5143,0.0001493831052631579,44.78947368421053,104.73684210526316,176.57894736842104
5101,0.00039069565000000004,40.15,45.05,318.0
5093,0.0003601875,56.166666666666664,91.66666666666667,0.0
5031,0.000320728,52.0,81.5,0.0
5115,0.0002962373076923077,54.69230769230769,112.07692307692308,0.0
5145,0.0002744713333333333,55.083333333333336,106.08333333333333,0.0
5131,0.000280797,55.416666666666664,101.91666666666667,0.0
5035,0.00025195794999999997,43.2,106.05,236.0
5045,0.0002483223076923077,55.07692307692308,102.46153846153847,0.0
5119,0.00022969745,57.2,278.65,83.3
5051,0.00044406180000000005,51.5,116.25,0.0
5097,0.000480984,32.4,0.0,345.2
5113,0.00038798360000000004,45.3,86.5,217.95
5107,0.00032338823076923074,54.07692307692308,111.07692307692308,0.0
5001,0.0003808844,50.85,115.1,0.0
5069,0.00025909775,57.75,93.75,0.0
5019,0.0003095806,34.45,0.0,339.75
5091,0.0002520035,56.5,76.75,0.0
5003,0.00028678945,50.75,115.8,0.0
5139,0.00036068305,52.3,142.45,0.0
6093,0.0002762841,33.75,40.1,292.65
6015,0.00025837235,18.5,125.25,0.0
6049,0.0003169945,34.25,23.75,0.0
6023,0.00018880865,32.45,114.3,132.65
6105,0.00026344515,24.65,135.6,0.0
6089,0.0002562214,43.5,18.7,345.9
6035,0.000170953,28.5,0.0,0.0
6103,0.0002571275,45.2,52.65,272.45
6063,0.00028782069999999996,46.9,158.35,74.35
6007,0.00025955944999999996,56.35,164.25,195.85
6045,0.00021623345,38.05,158.45,167.35
6021,0.0002337693,44.15,122.75,226.05
6091,0.000314596,17.0,0.0,0.0
6033,0.0003020074,34.7,8.1,353.6
6057,0.0002450127,50.0,40.3,316.35
6011,0.00019030035,46.2,175.5,173.0
6061,0.00018890135,53.45,137.7,204.15
6101,0.00023333185000000002,51.95,162.35,178.4
6017,0.0001747723,46.7,5.85,352.0
6113,0.00020705339999999999,45.55,144.8,207.35
6055,0.00027285355,42.85,173.1,151.6
6097,0.00018202895,36.95,120.25,218.15
6067,0.00020673205,60.3,172.0,183.05
6051,9.833795000000002e-05,23.2,62.8,39.7
6005,0.00034629485,39.6,0.0,358.7
6009,0.000267538,46.7,83.2,277.45
6109,0.00027035345,43.35,0.0,358.5
6041,0.0002094801,37.35,164.5,123.65
6077,0.0001788174,51.75,164.05,155.6
6095,0.00020729465000000002,47.7,202.9,146.1
6013,0.00016618430000000001,45.75,170.6,181.0
6099,0.0001994531,56.85,148.65,184.85
6001,0.00016523045,50.3,227.75,108.3
6043,0.00021197095000000002,55.25,113.4,248.5
6075,0.00023744045,43.8,234.6,85.95
6039,0.00015900000000000002,52.95,80.6,245.9
6081,0.00022488389999999998,42.35,212.95,112.0
6047,0.00015276845,57.65,117.05,228.55
6019,0.0002012696,86.65,159.25,198.55
6085,0.00014845585,51.95,237.05,116.3
6027,0.00029027175,50.35,27.7,278.15
6087,0.00015577085,37.0,110.6,250.7
6069,0.00015849665,41.7,34.5,329.5
6053,0.0001347785,38.2,100.0,245.1
6107,0.00020087799999999998,86.6,151.75,206.75
6031,0.00012466775,67.7,125.25,193.6
6029,0.00016800584999999998,95.6,157.4,199.45
6071,0.00013875545,86.75,104.0,213.6
6079,0.0001708502,51.6,103.85,240.45
6111,0.00013916645,55.3,108.0,239.45
6065,0.0001472434,92.1,136.25,191.7
6083,0.0001742347,49.4,107.35,250.4
6059,0.0001822109,61.55,238.7,100.35
6073,0.00013961169999999998,69.15,184.15,154.4
6037,0.00021426605,84.35,175.8,154.8
6025,0.00016824990000000002,60.9,86.6,195.0
8057,0.0002471928,16.7,87.8,72.2
8107,0.0001008832,16.85,12.0,0.0
8069,0.00015154335,50.9,36.05,328.55
8045,0.00013518365,39.15,1.9,228.8
8117,3.801538461538461e-05,13.615384615384615,0.0,0.0
8037,3.765e-05,11.5,0.0,0.0
8039,9.704166666666666e-05,21.833333333333332,80.16666666666667,0.0
8035,5.984e-05,46.3,23.95,304.25
8077,0.000220229,41.15,82.3,175.25
8097,7.0555e-05,24.15,24.8,76.55
8051,8.35262e-05,46.25,3.15,331.15
8029,0.0004666177,25.7,21.45,26.95
8041,0.00012019400000000001,46.1,38.7,309.45
8119,8.11512e-05,31.2,0.0,37.2
8043,0.0002565111,14.3,0.0,0.0
8085,0.0002842732,34.2,0.0,184.4
8101,0.00023863349999999998,33.4,106.75,5.3
8099,0.0003251144,20.1,0.0,0.0
8113,5.8719999999999993e-05,30.25,15.55,84.55
8003,0.00020876475,20.2,39.3,0.0
8083,0.00023875699999999998,45.75,7.05,354.4
8067,0.00011023355,45.1,13.2,323.0
8007,0.00015092650000000002,21.8,16.1,36.05
9005,0.000291889,39.5,74.35,237.1
9003,0.0002660904,47.4,235.05,98.7
9013,0.00016158545,41.5,0.0,183.8
9015,0.00025241235000000005,34.2,0.0,347.4
9011,0.00022976300000000002,43.9,162.8,141.25
9001,0.00021429945000000003,47.4,165.7,136.0
9007,0.00019956449999999998,41.5,0.0,196.9
9009,0.00025427395,52.8,233.7,107.5
10003,0.00018564029999999999,55.9,242.3,114.05
10001,0.00019625254999999997,46.75,118.5,193.55
10005,0.000255011,47.85,100.1,212.8
11001,0.00016190225,57.3,249.95,91.55
12059,0.00025070135,43.95,172.9,188.2
12089,0.0002202035714285714,32.5,144.35714285714286,0.0
12073,0.0001257431,50.9,268.1,94.25
12047,0.00026052125,36.3,196.75,0.0
12077,0.00014609725,33.6,0.0,342.95
12023,0.00022291295,42.35,149.8,193.25
12003,0.00020388015,34.25,0.0,359.7
12031,0.00020001914999999998,50.6,252.6,107.8
12005,0.0001983946,44.3,165.65,183.5
12113,0.00015240795,44.8,151.45,193.6
12033,0.00019239335,51.35,226.75,138.2
12129,0.0001319993,39.55,103.85,229.65
12001,0.00011446989999999999,41.15,155.55,204.75
12107,0.00022860444999999997,17.5,0.0,0.0
12083,0.00017998715,43.6,188.0,175.8
12127,0.00024727479999999997,41.95,167.75,191.6
12069,0.00018758265,39.8,88.8,254.6
12017,0.00018656165,42.6,168.95,0.0
12117,0.00013692815,39.1,68.35,285.15
12095,0.00012896015,49.75,258.35,104.35
12009,0.00019975045,42.45,156.6,204.15
12101,0.00016009685,38.7,0.0,363.9
12105,0.00023439950000000002,44.45,186.7,173.85
12097,0.00014309704999999998,34.35,0.0,357.7
12103,0.00022001815,50.75,282.4,81.65
12057,0.0001246785,54.45,275.5,87.95
12081,0.00015148135,37.85,22.55,320.85
12111,0.00014912273684210528,39.21052631578947,104.94736842105263,234.26315789473685
12115,0.0002867724,46.1,185.4,172.4
12099,0.00016619835,44.0,220.65,131.3
12071,0.0001409701,40.3,142.3,218.45
12021,0.00011745605,40.15,197.1,134.3
12011,0.0001334612,47.0,281.1,73.5
12087,0.00014852650000000002,16.0,0.0,0.0
13213,0.0001947437,45.4,60.15,210.95
13295,0.00026237305,56.1,232.1,0.0
13085,0.00018969485,41.45,0.0,240.0
13115,0.00030876075000000003,59.35,262.95,0.0
13055,0.00036222265,35.1,0.0,191.05
13139,0.00019700455,55.35,227.15,0.0
13057,0.00016259399999999998,40.333333333333336,0.0,237.33333333333334
13121,0.00017762475000000002,59.35,281.0,72.0
13135,9.436480000000001e-05,53.0,225.75,114.65
13067,0.0001439187,52.65,167.15,142.8
13223,0.00014227277777777777,51.388888888888886,234.55555555555554,90.5
13059,0.0001189714,53.4,229.75,90.15
13089,0.00014220310000000001,59.65,291.95,64.4
13097,0.0001561015,42.45,0.0,240.8
13247,0.0001692359,35.7,0.0,241.3
13063,0.00012388905,56.25,114.3,0.0
13151,0.0001373984,49.3,212.8,126.6
13113,0.0001899281111111111,44.666666666666664,0.0,244.0
13245,0.00029780895,53.95,253.05,92.6
13077,0.00018254594444444444,49.111111111111114,223.94444444444446,109.66666666666667
13255,0.0003867314444444445,19.555555555555557,0.0,0.0
13303,0.00040843714999999994,51.1,92.45,0.0
13231,0.00029697205,38.95,0.0,347.25
13319,0.00030498929411764704,55.94117647058823,109.23529411764706,0.0
13021,0.00029949145000000003,54.25,259.75,90.5
13153,0.00020281890000000002,54.75,227.6,0.0
13215,0.00025459895,52.15,256.7,90.25
13261,0.00030211935,40.3,0.0,236.85
13051,0.00024725455,48.85,276.7,66.3
13095,0.00024192105,54.35,252.4,0.0
13127,0.00028196355,40.95,108.45,176.25
13049,0.00023078604999999999,37.75,115.9,0.0
13185,0.00020835010000000003,53.85,221.8,0.0
15007,0.00027279466666666667,17.466666666666665,167.0,0.0
15003,0.00030995875000000003,31.4,196.85,133.35
15001,0.00023533490000000003,41.7,244.3,63.0
16021,0.00019791280000000001,23.6,56.2,0.0
16017,0.000147536,18.15,96.65,0.0
16079,0.0002507943,43.9,298.25,0.0
16055,0.00015748099999999998,37.470588235294116,241.64705882352942,54.05882352941177
16009,0.0002683631,39.2,281.75,0.0
16069,0.0003436038421052632,25.842105263157894,272.36842105263156,0.0
16061,0.0003163386666666667,25.333333333333332,0.0,0.0
16059,0.0003132087,38.15,264.25,0.0
16037,0.0001978159,10.35,106.1,0.0
16023,0.00023811370000000002,38.8,21.2,302.0
16027,0.00017014005,34.4,175.1,33.4
16001,0.00012863965,44.25,135.3,164.65
16019,0.00014733314285714287,32.07142857142857,208.85714285714286,0.0
16011,0.00021142583333333333,25.5,0.0,0.0
16067,0.00028897266666666667,20.0,0.0,0.0
16077,0.00024582645454545454,43.72727272727273,247.1818181818182,0.0
16029,0.0003747022,19.4,17.0,0.0
16005,0.00022985455,27.85,237.1,0.0
16083,0.0002811225789473684,32.578947368421055,273.6842105263158,0.0
17085,0.00026686345,34.7,0.0,339.5
17161,0.00028476040000000003,35.3,57.8,296.05
17197,0.00013476615,41.1,118.4,237.55
17099,0.00031907427272727276,35.36363636363637,192.8181818181818,0.0
17143,0.00028298405,47.55,194.0,158.65
17113,0.0001378729,40.95,77.5,265.25
17019,0.00016016565000000001,41.9,106.5,257.0
17001,0.00051291925,36.95,23.05,294.6
17115,0.00029706565,46.1,180.6,184.0
17167,0.00027887885,37.9,84.85,266.8
17117,0.00040580315,36.25,0.0,312.3
17083,0.000281687,44.0,58.2,191.8
17049,0.00029214125,41.6,0.0,217.8
17119,0.0002866515,55.1,172.6,158.3
17163,0.00022973170000000002,48.35,180.25,125.3
17065,0.00041807305000000005,45.6,69.45,184.35
17157,0.00031649585,40.1,66.55,273.25
17077,0.00020345681818181817,18.0,0.0,0.0
17201,0.00019605665,35.8,60.0,291.35
17111,0.00013241069999999998,43.7,176.25,185.25
17097,0.00015323005,35.1,27.8,326.75
17031,0.00022678989999999998,63.5,244.85,58.65
17089,0.00016475730000000002,34.8,55.9,298.55
17043,0.0001810118,43.1,172.05,167.35
18089,0.00019623940000000002,59.45,293.8,60.0
18127,0.00015697405,47.55,189.4,114.35
18033,0.00022896199999999998,19.333333333333332,0.0,0.0
18073,0.00021825433333333335,15.333333333333334,0.0,0.0
18003,0.00017518149999999998,53.1,250.0,93.4
18169,0.0002891864,36.05,0.0,350.75
18069,0.0003205308,40.75,0.0,200.4
18067,0.0002911136842105263,53.578947368421055,159.21052631578948,17.736842105263158
18157,0.00016287755,53.9,282.5,0.0
18095,0.00033210835,52.0,186.6,114.55
18035,0.00025563305000000003,47.25,95.95,152.5
18057,0.0001241557,46.85,75.15,159.85
18011,0.00017136815,44.4,0.0,203.5
18065,0.00035036314999999996,50.1,111.55,0.0
18177,0.00035107433333333337,17.666666666666668,0.0,0.0
18059,0.0002191049375,44.0,0.0,182.375
18097,0.0001790085,61.85,299.95,63.7
18063,0.0001684096,38.85,0.0,196.7
18133,0.00026234783333333334,18.166666666666668,0.0,0.0
18145,0.00021820015,45.4,0.0,203.4
18081,0.0001971413888888889,45.111111111111114,0.0,184.0
18109,0.00023058245,44.55,0.0,202.9
18167,0.00025614459999999997,53.15,209.25,104.3
18005,0.00020045944444444446,38.333333333333336,137.22222222222223,107.55555555555556
18055,0.00029344319999999996,47.05,31.45,184.9
18071,0.0002475326,43.8,0.0,198.35
18083,0.00029563355000000003,39.75,49.65,307.45
18027,0.00025476025,16.5,0.0,0.0
18019,0.00030550475,53.25,187.1,133.1
18051,0.00024022188888888892,40.333333333333336,49.333333333333336,99.11111111111111
18037,0.00028950575,54.35,135.35,0.0
18043,0.00030523305,51.65,178.45,143.1
18123,0.0003545997,42.2,0.0,182.85
18173,0.00023996345,46.7,0.0,204.2
18129,0.0002277692,43.35,0.0,198.75
18147,0.00023797190000000002,48.25,97.1,0.0
18163,0.0002703723,53.2,230.2,105.05
18091,0.00020049410000000002,46.3,90.25,170.45
18141,0.00019277459999999998,50.4,210.35,108.6
18039,0.00019239985000000002,49.75,180.95,115.8
19063,0.0003388202,37.4,111.8,0.0
19033,0.0002627952,23.9,23.3,0.0
19147,0.0003079957,40.65,155.2,134.5
19017,0.00021756484999999997,39.05,7.1,212.8
19055,0.00022380777777777775,28.166666666666668,50.44444444444444,0.0
19013,0.00018964295,51.05,250.65,0.0
19193,0.00022822345,43.95,116.75,0.0
19113,0.00020104419999999998,48.9,245.7,107.15
19169,0.00017432541176470588,37.11764705882353,16.058823529411764,202.7058823529412
19045,0.0002457982,50.65,234.3,92.3
19153,0.00019872655,48.6,267.15,79.75
19085,0.0002812049,41.05,0.0,216.85
19103,0.00010398205000000001,51.05,275.9,0.0
19163,0.00019385925,57.8,250.1,53.6
19139,0.00023668869999999998,45.8,273.15,0.0
19155,0.00025043035,42.75,116.8,0.0
19181,0.00022968633333333332,36.611111111111114,0.0,203.11111111111111
19177,0.00040578669999999996,43.2,161.35,142.05
20181,0.00044746335,17.95,0.0,0.0
20177,0.0002544734,44.7,107.25,164.45
20209,0.00019018335,49.05,192.9,114.5
20195,0.0006155642,39.25,35.35,320.5
20091,0.00016032385,42.8,90.5,232.4
20107,0.00037403986666666666,40.666666666666664,64.26666666666667,266.8666666666667
20057,0.00025356026315789473,14.947368421052632,0.0,0.0
20173,0.00022807094999999998,43.65,78.15,231.45
20133,0.00047905904999999996,25.1,27.55,78.0
20191,0.0003238319,41.15,61.05,292.65
20125,0.00041133869999999994,16.8,0.0,0.0
21015,0.00014602935,40.35,0.0,241.45
21037,0.000249744,47.4,183.45,119.25
21117,0.00024976154545454545,48.27272727272727,144.45454545454547,126.36363636363636
21089,0.000313442,41.2,0.0,239.05
21185,0.0001354718,43.55,0.0,239.25
21043,0.00025262885,43.45,87.9,192.5
21019,0.0003086162,48.0,195.55,128.3
21209,0.0001899846,35.8,0.0,238.6
21111,0.00026661545000000004,57.95,258.55,94.3
21073,0.00026976675,55.25,115.25,0.0
21067,0.0001852847,47.85,199.3,120.65
21175,0.00033739535,38.45,0.0,351.6
21029,0.00016067415,43.75,65.45,191.1
21093,0.00020540250000000002,49.9,191.75,133.6
21113,0.0002020456,42.8,0.0,242.55
21091,0.00025371424999999997,43.0,0.0,235.4
21101,0.00028115305000000004,47.5,176.9,130.75
21059,0.0002751669,47.6,201.55,121.4
21151,0.00022429855555555555,50.05555555555556,113.22222222222223,0.0
21229,0.00039716444999999997,39.65,0.0,358.75
21195,0.0003634148,45.75,212.4,115.2
21149,0.00031906266666666664,44.833333333333336,0.0,236.33333333333334
21193,0.00043820394999999996,46.05,167.05,146.95
21139,0.0002895708,43.25,0.0,240.8
21199,0.0003377273,42.45,42.35,221.55
21061,0.0002718503,42.9,92.8,267.95
21145,0.00027241345000000004,47.5,193.55,126.95
21227,0.00019808794999999997,47.3,202.35,126.8
21047,0.00027125675000000003,48.2,82.55,196.05
21157,0.0003089386666666667,16.0,0.0,0.0
21095,0.0003573716,21.8,0.0,0.0
21221,0.00032623384999999996,40.85,33.15,320.15
21235,0.0003661063333333333,18.0,0.0,0.0
21013,0.0003863171,44.95,43.05,218.05
21083,0.00035065080000000004,41.8,0.0,244.4
21213,0.0002682307,42.7,0.0,241.05
22017,0.00026393114999999996,42.45,92.55,267.55
22015,0.00020380584999999998,48.6,222.25,141.1
22073,0.00022241105,42.2,131.35,228.05
22043,0.0003441256666666667,38.333333333333336,0.0,333.5
22029,0.00040573742857142854,53.142857142857146,57.142857142857146,0.0
22079,0.00036380829999999996,49.2,154.95,0.0
22077,0.00026271445,36.0,0.0,353.6
22105,0.00026317939999999997,47.0,118.05,0.0
22011,0.0002889155,35.833333333333336,0.0,362.3333333333333
22033,0.00021875045,56.0,272.25,86.65
22121,0.00019647595000000002,53.55,294.1,64.75
22063,0.00016395595,49.75,221.05,141.55
22047,0.00019708744999999997,42.4,80.0,275.85
22019,0.00023171925000000003,52.45,256.05,107.4
22055,0.00015310725000000001,46.45,174.75,186.25
22005,0.00013499125,35.1,0.0,344.3
22095,0.00019562845,35.15,0.0,359.15
22093,0.00020575475,32.85,0.0,358.15
22071,0.00017017950000000002,49.85,287.0,52.4
22089,0.00016524373333333335,33.8,1.2,353.0
22087,0.00019548564999999997,49.45,200.1,148.65
22101,0.000239452,34.333333333333336,0.0,353.6666666666667
22057,0.0001962183,46.15,191.95,169.5
22075,0.0001453705,45.333333333333336,86.33333333333333,0.0
22109,0.00015668559999999998,43.55,118.05,0.0
22051,0.0001820072,50.4,233.75,124.95
23003,0.00035081245,36.55,151.1,197.75
23021,0.00029298325,30.5,105.5,104.75
23019,0.0002559596,35.85,115.6,245.65
23029,0.00032057095,30.45,40.85,252.95
23007,0.00026581675,13.75,79.75,0.0
23017,0.0002770947,32.2,53.45,182.45
23011,0.00025542020000000003,32.1,6.7,202.2
23001,0.0002439947,31.55,120.75,104.45
23009,0.00025670375,36.8,29.1,335.1
23013,0.0002865912,35.85,0.0,187.8
23005,0.0002563398,38.6,116.65,179.9
23023,0.00030037513333333333,35.53333333333333,0.0,180.33333333333334
23031,0.00020919315,36.7,0.0,234.4
24043,0.00024522519999999997,48.75,153.1,152.15
24015,0.00018630680000000002,49.6,163.85,148.85
24025,0.0001990741,48.25,127.85,193.1
24013,0.00020939325,43.7,0.0,216.25
24005,0.00028268134999999997,51.25,175.9,157.25
24021,0.0001967505,44.25,0.0,214.55
24029,0.00034561935,45.85,98.05,181.2
24510,0.00028546345,56.2,302.95,46.6
24003,0.00020147835,48.1,88.4,193.4
24009,0.00013335388235294118,43.76470588235294,0.0,212.76470588235293
24017,0.00013465845,44.3,0.0,212.2
24019,0.00024049635000000002,40.75,55.95,302.75
24045,0.00021029449999999998,10.5,0.0,0.0
25009,0.00027348515,43.75,169.15,175.9
25003,0.00037756345,46.7,226.25,87.25
25017,0.00025080295,32.05,41.65,275.35
25027,0.0003004152,46.2,198.2,136.1
25015,0.0002603682,41.3,119.1,237.1
25025,0.00021815265000000003,55.95,312.7,35.3
25013,0.0003243804,49.35,213.3,135.45
25023,0.00030917595,43.65,138.15,56.25
25021,0.00028866715,41.3,123.0,181.6
25005,0.00035277485,44.45,194.55,144.45
25001,0.00035501974999999997,38.3,43.2,247.2
26083,0.00024967895,15.1,115.85,0.0
26153,0.00043112205,32.45,107.25,183.45
26007,0.00023714633333333333,36.333333333333336,101.33333333333333,0.0
26055,0.00016182233333333334,37.333333333333336,94.66666666666667,0.0
26019,0.00021670945000000003,40.4,0.0,191.0
26101,0.00026621586666666664,37.6,64.06666666666666,177.46666666666667
26165,0.00017296234999999999,34.35,0.0,334.55
26113,0.00017234815,37.55,77.3,213.95
26105,0.00028582015,39.75,0.0,190.9
26063,0.0003273954,39.55,0.0,189.45
26017,0.00024295319999999998,41.65,179.95,0.0
26157,0.00022866894999999999,34.0,0.0,349.35
26145,0.00021881983333333334,47.666666666666664,112.66666666666667,0.0
26121,0.0002112553,43.4,74.0,171.15
26081,0.00018311370000000002,48.5,222.15,126.45
26049,0.00018785605,44.7,124.3,150.4
26139,0.00018598285,44.6,85.05,163.4
26147,0.0001795275,43.25,137.05,136.55
26037,0.0001454485,40.75,0.0,190.45
26099,0.0002051419,40.85,77.55,171.0
26125,0.00017734560000000002,39.6,81.15,162.1
26065,0.00016541605,44.0,126.95,165.75
26005,0.0002328794,46.35,127.0,158.2
26163,0.0002432223,59.3,285.0,54.7
26161,0.00012729035000000002,42.35,120.4,241.95
26077,0.00021893669999999997,47.3,138.8,137.75
26025,0.000298004,20.5,0.0,0.0
26021,0.00021622109999999998,45.45,69.65,173.8
26115,0.00014309284999999998,48.15,106.55,0.0
26091,0.00017190235,45.6,92.2,154.5
26027,0.00019707765,45.2,0.0,183.3
27137,0.00023774295000000001,41.45,182.75,173.8
27075,0.00034549875,31.4,147.35,151.75
27061,0.000283899,26.0,21.0,0.0
27035,0.0001966173888888889,35.44444444444444,183.11111111111111,123.88888888888889
27017,0.00021735399999999998,29.0,93.05,152.0
27111,0.0003972,33.0,33.0,0.0
27115,0.00022153600000000001,3.6666666666666665,0.0,0.0
27095,0.00028135270000000003,35.15,36.55,184.9
27041,0.0003202665,29.0,22.0,0.0
27145,0.00013606345,35.5,201.45,113.4
27171,0.00011525222222222223,44.44444444444444,230.0,106.55555555555556
27003,8.848435e-05,43.05,182.65,148.0
27067,0.00029633649999999997,29.25,6.75,0.0
27163,9.3302e-05,41.8,93.95,151.15
27053,0.0001498913,49.9,292.3,14.9
27123,0.00017335435,48.15,330.1,0.0
27085,0.000207203,32.0,32.0,0.0
27037,9.69796e-05,41.15,283.55,30.35
27139,8.0645e-05,40.6,85.1,174.1
27103,0.000141891,37.0,24.0,0.0
27109,0.00011779989999999998,47.2,224.35,95.15
27047,0.0002560535,50.5,32.5,0.0
28033,0.00016173925,49.15,200.5,121.7
28081,0.0002602188,47.75,149.65,153.8
28161,0.0003315474,35.65,0.0,344.25
28011,0.000345657,48.6,175.25,136.15
28087,0.0002438114,55.4,111.6,0.0
28089,0.00022850320000000003,43.6,0.0,238.2
28123,0.0002652795,54.333333333333336,109.16666666666667,0.0
28149,0.0002578455,48.833333333333336,94.83333333333333,135.33333333333334
28121,0.00016509100000000002,54.666666666666664,94.5,0.0
28075,0.00040044115,45.65,133.15,156.85
28049,0.00022882825000000002,53.65,288.25,64.65
28067,0.00046349676923076923,58.0,114.07692307692308,0.0
28001,0.0005036225000000001,45.75,81.25,189.08333333333334
28035,0.000301169,53.75,217.5,0.0
28109,0.00026286783333333334,55.0,108.0,0.0
28059,0.00022477069999999997,43.65,125.65,168.1
28047,0.0002572853,51.9,276.2,81.2
28045,0.00024003255555555557,42.5,91.27777777777777,177.0
29129,0.00047399420000000006,33.4,49.2,0.0
29021,0.00023515849999999997,53.0,254.5,0.0
29137,0.00051069345,40.45,25.8,257.85
29165,0.000132727,35.5,0.0,202.66666666666666
29047,0.0001687268,49.35,192.25,152.8
29095,0.00021738415,52.25,319.15,0.1
29113,0.0002420984117647059,40.1764705882353,0.0,195.64705882352942
29183,0.0001784574,43.8,42.0,203.7
29189,0.0002832411,53.8,220.5,111.85
29037,0.00024130710000000002,47.15,154.15,161.8
29510,0.0002590702,60.5,257.7,58.45
29099,0.00021991585,53.15,233.5,111.1
29186,0.00019742029999999998,45.55,79.9,192.5
29039,0.00059955055,48.35,189.0,137.7
29077,0.00023956899999999997,44.25,146.25,150.95
29097,0.0003766719,35.7,22.25,111.6
29207,0.00037707779999999997,45.25,109.15,0.0
29091,0.00030644799999999996,58.0,68.0,0.0
30053,0.00018694675,42.9,277.65,0.0
30029,0.0002158333,41.55,153.95,162.85
30035,0.0002005728,20.9,0.0,29.1
30091,0.0006683280500000001,17.75,112.6,0.0
30085,0.00025971565,16.2,93.3,0.0
30089,0.00024141685,25.6,132.0,0.0
30047,0.00025658924999999997,14.8,100.75,0.0
30049,0.0002170969,33.65,181.7,89.45
30027,0.00039010235000000004,22.75,92.5,112.7
30013,0.0002003487,25.55,243.75,0.0
30063,0.0001746444,43.75,237.95,26.9
30077,0.000249336,11.65,111.1,0.0
30087,0.00022850885,29.95,80.65,116.65
30081,0.00023734805,30.35,284.15,0.0
30111,0.0002018451,26.8,234.45,33.15
30031,0.0001354523,27.9,301.45,0.0
30093,0.00025189645,30.9,221.35,0.0
31031,0.00032009666666666666,19.333333333333332,97.33333333333333,0.0
31027,0.00035208333333333337,39.0,101.66666666666667,0.0
31157,0.00027753719999999997,31.0,94.35,22.65
31177,0.00023253305,41.0,109.45,0.0
31055,0.00018771345000000001,52.5,242.6,85.15
31111,0.0002470865,33.333333333333336,104.0,0.0
31049,0.0005018026666666667,28.666666666666668,97.66666666666667,0.0
31153,0.00014598795,47.2,211.75,0.0
31025,0.0002480618,24.95,26.7,0.0
31109,0.00015394135,33.7,87.25,174.6
31047,0.0002286584705882353,26.11764705882353,0.0,0.0
31079,0.00023898175,35.6,112.45,0.0
32007,0.00017064039999999998,20.3,37.15,23.05
32031,0.00019382465,49.75,70.3,249.7
32015,0.00018609366666666666,16.666666666666668,0.0,0.0
32033,0.0002751055,44.25,6.3,346.45
32510,0.00028260635,41.65,35.85,230.25
32005,0.00021470105000000002,25.6,119.45,71.6
32003,0.00021972345,63.8,131.8,207.25
33007,0.00032796794999999997,44.55,43.8,248.15
33009,0.00021137690000000003,36.25,98.2,265.1
33003,0.000264718,36.0,0.0,193.0
33001,0.00023715645000000002,36.9,52.4,164.6
33013,0.00020166115,37.6,69.7,188.95
33019,0.00023839911111111112,38.111111111111114,43.666666666666664,168.0
33017,0.000144265,36.25,0.0,189.5
33015,0.0001729705,39.25,123.25,182.6
33011,0.00019605984999999997,38.35,71.8,233.35
33005,0.00022157515,40.1,121.65,178.3
34031,0.00019115079999999999,42.2,77.7,194.55
34003,0.00020321990000000002,46.15,161.1,114.8
34041,0.0002218064,46.85,151.5,57.0
34027,0.000172931,39.05,66.25,264.75
34013,0.00018943945,43.6,124.35,67.3
34017,0.00016010355,49.9,204.6,78.4
34019,0.00017436685,41.7,119.05,241.75
34039,0.00021315115000000002,56.25,305.6,0.0
34023,0.0001800173,43.65,127.8,178.1
34025,0.000191846,33.7,0.0,240.9
34021,0.000184282,46.2,156.25,179.2
34005,0.0001848815,8.0,0.0,0.0
34029,0.00025189639999999996,44.65,145.4,179.85
34007,0.000203506,50.75,164.7,163.55
34015,0.0001930556,40.7,67.45,256.25
34001,0.0002215618,41.35,120.8,239.3
34011,0.00022025445,41.25,104.9,250.8
35045,0.00017979785,47.0,15.9,321.9
35039,0.00021556835,23.65,68.0,120.8
35055,0.00020915455,21.0,318.95,0.0
35043,0.00016013225,47.85,17.45,294.4
35049,0.00013267235,33.05,99.15,217.25
35028,0.0001567525,14.45,115.0,0.0
35001,0.00017740275,57.35,108.2,200.95
35003,0.0002795156,13.9,106.6,0.0
35053,0.0002054054,17.35,103.85,0.0
35005,0.00022863465,30.35,119.85,0.0
35025,0.0002076685,41.15,104.65,187.2
35035,0.00014889866666666668,14.0,0.0,0.0
35017,0.0002762098666666667,36.8,44.0,219.66666666666666
35013,0.00016432954999999998,58.1,102.55,187.65
35015,0.00023338299999999998,43.5,37.6,315.4
35023,0.00024069433333333333,8.0,0.0,0.0
35029,0.00027394495,27.05,0.0,129.45
36033,0.00019286236842105264,17.68421052631579,0.0,144.6315789473684
36031,0.00021978980000000002,41.75,45.25,319.65
36041,0.0002541293,34.85,0.0,352.45
36043,0.00029806055000000003,33.5,0.0,338.8
36091,0.00017736835,33.9,0.0,338.35
36093,0.0002218884166666667,30.583333333333332,21.333333333333332,307.1666666666667
36001,0.00021396434999999998,41.1,162.0,199.35
36021,0.00023503100000000002,10.75,0.0,0.0
36111,0.0002160063846153846,36.92307692307692,0.0,359.46153846153845
36027,0.00020394265,33.45,12.45,337.05
36071,0.00020648025,42.85,151.2,176.45
36079,0.00015804085000000002,35.15,0.0,312.75
36119,0.0002061419,40.25,136.7,224.65
36005,0.00026018170000000003,53.7,249.55,69.3
36059,0.00020640024999999998,39.6,258.0,0.0
36061,0.00023879865,53.9,240.35,49.55
36081,0.00022992389999999997,50.55,219.1,82.0
36103,0.00018551385000000002,42.75,97.7,236.25
36047,0.0002481764,35.55,277.8,0.0
36085,0.00029210985,47.7,182.1,147.2
36089,0.0002329831,30.5,86.6,0.0
36045,0.0001795118,35.7,0.0,291.6
36065,0.0002587558,35.5,204.15,126.55
36063,0.00022489854999999998,40.5,104.4,197.6
36055,0.00023681955,39.3,167.45,186.65
36117,0.00022118785000000001,33.9,0.0,263.6
36067,0.00024165545,34.75,77.15,269.65
36053,0.00017151999999999998,35.61538461538461,0.0,330.6923076923077
36029,0.0002416752,48.7,198.4,120.45
36109,0.00016072975,36.15,14.15,335.15
36101,0.00025114005000000003,39.8,194.05,155.95
36013,0.00024644915000000004,39.3,44.65,316.5
36007,0.00025713175,51.25,87.0,0.0
36015,0.00025961746153846155,33.69230769230769,0.0,353.2307692307692
37131,0.0003757226,45.2,28.4,168.0
37029,0.0002635795,43.25,0.0,203.0
37033,0.00029355215000000004,49.6,165.1,139.5
37157,0.0003867526,45.7,0.0,216.85
37077,0.00021924545,46.9,0.0,216.55
37145,0.00031256080000000003,44.65,0.0,217.1
37139,0.0004643145,52.75,101.5,0.0
37011,0.00047239935,42.85,34.35,326.75
37069,0.0002561861875,44.875,0.0,212.25
37067,0.0002480216,55.5,253.0,103.75
37081,0.00025101884999999995,53.1,249.7,102.4
37001,0.0002498393125,53.75,233.4375,0.0
37135,0.0001791891111111111,55.333333333333336,114.77777777777777,0.0
37063,0.00018183285,52.85,262.95,91.05
37121,0.00040426819999999996,47.55,157.6,0.0
37065,0.00026936274999999997,46.95,152.25,143.8
37027,0.00030232779999999997,43.85,0.0,215.85
37199,0.00035653415,50.6,0.0,201.2
37117,0.00033263454999999997,45.4,137.9,151.7
37183,0.0001051999,56.15,258.85,104.05
37059,0.0003020983333333333,49.86666666666667,0.0,212.93333333333334
37003,0.00035696445,45.1,0.0,215.65
37057,0.0002969861,55.55,282.75,0.0
37111,0.000302375125,53.5625,259.3125,0.0
37037,0.000258530375,44.9375,88.125,169.0625
37159,0.00039699124999999994,52.15,108.4,213.25
37147,0.00014497780000000002,45.85,111.85,163.2
37035,0.00031004405,54.4,286.75,0.0
37021,0.00028917065,49.15,243.85,99.9
37101,0.00018512190000000001,45.35,78.5,177.9
37087,0.00043172059999999995,51.75,73.15,198.3
37173,0.00039505785000000005,47.85,219.35,110.9
37191,0.000201694125,54.9375,232.875,0.0
37085,0.000230695,23.0,0.0,0.0
37109,0.00025193774999999997,46.85,0.0,216.0
37099,0.00026016115,50.35,78.7,151.05
37119,0.0001460847,57.75,248.3,113.15
37025,0.00028871539999999996,58.6,119.2,0.0
37123,0.00031313654999999996,43.3,117.4,239.5
37089,0.0004021828,17.3,0.0,0.0
37107,0.0002761261,44.35,63.85,185.3
37071,0.00035391025,53.875,241.0,0.0
37113,0.00036447845,34.6,0.0,345.4
37051,0.0001812328,48.85,199.0,125.35
37179,0.00015233225,45.3,0.0,209.0
37095,0.0002769027368421053,33.526315789473685,103.26315789473684,0.0
37061,0.0002313980625,48.9375,159.25,43.75
37133,0.00011930025,52.375,115.5,0.0
37155,0.0002017048,52.46666666666667,113.46666666666667,0.0
37031,0.00025638645,36.8,0.0,318.85
37129,0.00018545385,41.1,176.4,140.05
38013,0.000318769,30.55,91.2,222.9
38035,0.0001747375,37.0,116.5,0.0
38053,0.0002105041,35.1,53.55,277.1
38055,0.00035677622222222223,5.888888888888889,0.0,0.0
38025,0.0002337016,34.45,39.0,294.6
38091,0.0002953135,31.5,39.5,170.0
38057,0.00024032380000000002,35.75,70.5,286.25
38015,0.00016627705,36.05,133.65,143.65
38065,0.00020014860000000002,34.75,35.5,317.8
38017,0.00017150044999999999,38.25,135.95,200.15
38089,0.0002062325,27.5,45.0,0.0
39095,0.00015952435,50.45,215.95,113.35
39055,0.000179827,43.7,0.0,216.65
39035,0.0002294874,57.25,227.95,86.75
39123,0.00023783350000000002,23.0,0.0,0.0
39173,0.00015257725000000002,41.7,0.0,218.2
39093,0.00020511905000000002,43.85,162.8,144.05
39143,0.00021684500000000002,21.5,0.0,0.0
39155,0.00032312365,50.85,197.45,130.05
39153,0.0002703793,51.3,229.05,98.3
39133,0.0001967604,43.7,87.7,171.0
39103,0.00017472285,45.4,109.7,169.3
39147,0.000165591,16.8,0.0,0.0
39063,0.0001593025,22.25,0.0,0.0
39099,0.0003438629,52.55,267.25,76.95
39033,0.00025880736363636365,36.18181818181818,0.0,344.27272727272725
39139,0.000251447,19.0,0.0,0.0
39175,0.000215539625,23.5,0.0,0.0
39151,0.0002973051,49.65,184.85,129.95
39029,0.0003604647,21.1,0.0,0.0
39003,0.0003104276,42.1,95.2,189.6
39081,0.00040874164999999996,54.0,236.55,89.55
39083,0.00025131329999999996,42.8,0.0,217.65
39041,0.0001392988,43.5,0.0,217.75
39089,0.0002012166,43.3,0.0,217.6
39109,0.0002893581,44.05,0.0,217.95
39013,0.0003649824,18.4,47.2,0.0
39049,0.00020092690000000002,53.6,216.85,116.9
39097,0.00022346710000000001,45.05,0.0,217.45
39023,0.00030624495,52.5,169.15,142.25
39121,0.00025288765,40.05,58.75,285.8
39113,0.00020361989999999997,52.0,222.95,115.3
39135,0.00020756429999999997,49.35,155.35,154.2
39111,0.000291616,20.4,0.0,0.0
39057,0.0001707945,48.45,135.75,161.25
39047,0.00035532660000000003,37.0,0.0,351.15
39167,0.00031359785,43.1,0.0,215.9
39165,0.00016281799999999999,50.95,139.7,151.25
39017,0.0002115442,49.9,123.85,235.05
39027,0.00027792835,46.15,0.0,217.4
39009,0.00020163024999999998,43.0,67.75,56.35
39061,0.000252431,59.8,253.05,87.95
39025,0.0002381361,50.45,149.4,147.45
39145,0.0002990039,29.2,124.5,0.0
39087,0.0003070962,51.3,184.25,126.0
39007,0.00029505075,42.2,0.0,217.7
39085,0.0002105942,43.9,158.8,152.95
40115,0.0004333962,48.05,187.55,123.95
40071,0.0003303136,48.6,170.7,147.2
40047,0.00041506050000000004,41.5,108.83333333333333,0.0
40117,0.00025580325,45.0,46.5,0.0
40097,0.000248039,41.7,53.6,200.65
40143,0.00021674515,56.3,234.3,125.45
40119,0.00021502225,48.0,44.0,0.0
40021,0.0002442652777777778,40.05555555555556,18.61111111111111,254.33333333333334
40081,0.0002846622142857143,42.785714285714285,41.714285714285715,123.28571428571429
40101,0.0003363042,25.35,57.9,7.5
40039,0.0003399419090909091,23.0,15.727272727272727,0.0
40017,0.00015552555,39.0,9.5,314.3
40109,0.0002018949,52.4,178.15,164.05
40015,0.0003006832222222222,38.611111111111114,29.166666666666668,164.94444444444446
40125,0.0002889235,46.5,25.5,115.0
40133,0.0003467568,49.6,56.2,0.0
40027,0.0001541176,44.8,118.6,227.85
40087,0.0002195085789473684,38.05263157894737,0.0,354.94736842105266
40121,0.00031833105,46.8,153.4,176.9
40077,0.00034067449999999997,25.0,0.0,301.5
40031,0.00021546485,45.4,126.45,235.2
40019,0.0003610141176470588,46.588235294117645,147.05882352941177,122.82352941176471
40067,0.00039667663636363637,44.09090909090909,0.0,253.36363636363637
40095,0.0004525643333333333,45.333333333333336,0.0,235.33333333333334
40085,0.0003529626,44.2,51.8,223.3
41009,0.0001420598,30.65,205.55,113.05
41059,0.00016610475,37.1,251.05,86.15
41063,0.00027834349999999997,24.65,293.5,0.0
41061,0.0002540341,32.5,344.7,0.0
41067,0.00010489614999999999,35.85,233.4,74.3
41051,0.0001497926,40.2,242.0,106.35
41065,0.0002194146,30.45,277.95,15.55
41005,0.0001555301,31.8,112.45,119.85
41047,0.00016713785,33.55,201.9,127.4
41043,0.00019036675,34.2,308.55,4.15
41003,0.00015838526315789474,23.05263157894737,313.89473684210526,0.0
41017,0.00013069984999999998,30.4,297.35,42.0
41039,0.00017521545,47.8,273.75,87.45
41025,0.00020652555,36.95,298.8,0.0
41035,0.0002202001,41.8,345.75,0.0
41037,0.0002700877,29.2,342.25,0.0
41029,0.00020409995,47.1,240.75,114.4
41033,0.00024406434999999998,36.1,316.0,0.0
42069,0.0002992948,48.6,224.05,123.85
42047,0.0003110767,35.9,0.0,353.4
42081,0.00018770135,37.2,4.6,267.55
42085,0.00032834295,52.4,221.85,143.4
42079,0.00027516715,38.65,76.4,234.2
42027,0.00020574679999999998,50.65,209.3,154.2
42033,0.00028526100000000003,39.85,0.0,260.75
42005,0.00034782815,47.75,129.6,160.7
42073,0.00034434920000000005,34.0,0.0,239.8
42095,0.0002165761,54.85,260.15,89.75
42107,0.0002981695,3.0,0.0,0.0
42007,0.00035844345,49.95,172.65,138.5
42077,0.00021121475000000003,42.2,114.05,193.45
42013,0.0003253991,41.0,111.4,162.7
42021,0.000351746,47.25,196.85,108.55
42011,0.0002432066,47.6,175.45,128.9
42129,0.00032610645,47.75,193.2,118.35
42003,0.00029992325,63.7,304.0,56.3
42043,0.000271912,54.7,253.35,100.2
42099,0.0002710547333333333,33.733333333333334,36.6,219.4
42017,0.00020829955,44.1,121.3,173.0
42125,0.00030424434999999997,56.5,275.4,80.4
42091,0.00023585145000000002,44.55,143.35,155.75
42041,0.0002858839,54.9,352.0,0.0
42071,0.00019764829999999997,50.3,191.85,118.1
42055,0.00023181105000000002,42.75,0.0,256.8
42111,0.00031320079999999997,35.0,0.0,346.35
42029,0.00018293435,52.8,163.0,140.4
42133,0.0002121768,49.3,169.4,132.3
42101,0.00021803119999999997,58.45,263.45,82.35
42001,0.00019954474999999997,52.1,207.45,156.4
42045,0.00027667705000000004,50.2,189.3,106.75
42059,0.00030465235,43.5,28.4,233.75
42049,0.00027335335,49.45,223.25,115.95
42117,0.00025630915,42.05,42.05,228.65
44007,0.0002366208,49.35,248.6,100.5
44003,0.0002845239,38.9,129.25,166.8
44009,0.0001949637,40.85,71.5,190.35
45045,0.00021114139999999998,55.05,288.95,60.95
45083,0.00024586365,54.45,256.55,101.75
45021,0.0006652647058823529,40.35294117647059,0.0,303.7647058823529
45091,0.00020357955,40.5,24.8,246.6
45077,0.0002380216,44.35,0.0,247.75
45073,0.0002717696,41.4,75.3,248.2
45087,0.000298826125,44.25,0.0,251.375
45023,0.000238113375,46.125,0.0,230.125
45007,0.00024627236842105263,41.68421052631579,0.0,229.94736842105263
45025,0.0002940045,44.9,141.05,179.25
45039,0.000285727,17.0,0.0,0.0
45031,0.00027778935,40.4,0.0,268.3
45001,0.0002649768888888889,41.611111111111114,0.0,226.83333333333334
45047,0.00031439912499999997,57.375,115.125,0.0
45041,0.00023950274999999998,51.3,164.6,0.0
45051,0.0002052062,44.333333333333336,53.13333333333333,84.6
45079,0.00015232005,52.95,214.75,135.9
45063,0.00017653615,47.8,255.2,0.0
45037,0.00023150515,42.35,147.85,193.95
45089,0.0002671405,40.25,0.0,227.875
45003,0.0002508876,39.15,10.9,233.45
45043,0.00022003700000000002,24.15,37.75,0.0
45015,0.00012590515,34.6,8.75,256.75
45011,0.00027508625,37.125,0.0,325.75
45029,0.00024734825,39.6,88.9,207.15
45019,0.00016500180000000002,51.1,299.8,62.15
45013,0.000185763,52.75,107.75,0.0
46013,0.00031038634999999996,36.1,115.45,0.0
46011,0.00016695175000000002,38.4,87.5,158.95
46103,0.0001865734,39.1,151.35,34.5
46033,0.0002966747,34.3,55.15,244.75
46099,0.00016699865,40.25,145.05,176.25
47165,0.0002373787,49.25,79.65,203.8
47125,0.00014970945,49.3,188.95,26.45
47163,0.0003989678,43.15,76.45,195.9
47025,0.0006554091,37.95,0.0,344.75
47173,0.00033718452941176473,24.176470588235293,0.0,0.0
47059,0.0004325545,24.5,0.0,0.0
47037,0.0001915499,56.8,307.5,51.4
47189,0.0002500389,44.1,0.0,236.55
47043,0.00058031,32.0,0.0,73.0
47141,0.0003570574375,46.9375,136.0625,69.0625
47001,0.00051326955,44.0,0.0,234.8
47045,0.00041838026666666666,47.46666666666667,152.6,12.6
47093,0.0002934221,53.8,199.75,129.45
47089,0.00030481664999999997,46.3,0.0,238.85
47041,0.000371508,37.6,0.0,352.4
47149,0.00016897446153846154,45.30769230769231,0.0,238.46153846153845
47145,0.0003291894,49.7,193.55,10.7
47187,0.00012848805,43.7,0.0,241.2
47155,0.00023513815000000002,48.95,0.0,362.7
47009,0.00036555135,48.6,76.0,288.3
47119,0.0003825361333333333,47.733333333333334,152.46666666666667,0.0
47075,0.0002859015714285714,42.857142857142854,0.0,226.71428571428572
47113,0.00024255189473684213,36.473684210526315,113.36842105263158,0.0
47121,0.0002946835,46.785714285714285,0.0,239.5
47107,0.00045756225000000004,29.55,109.95,9.25
47157,0.00023078375,56.85,260.8,100.0
47065,0.0002077594,52.9,141.2,168.7
47099,0.00041901055,46.4,118.85,77.9
47011,0.00034551946153846155,19.53846153846154,0.0,0.0
48375,0.00022350125,31.5,293.2,0.0
48303,0.000218525,36.8235294117647,217.8235294117647,0.0
48037,0.0002562155,53.45,140.95,0.0
48121,0.0001226375,45.95,114.05,235.05
48085,9.812914999999999e-05,40.2,11.25,351.2
48367,0.00018323655,38.35,0.0,349.65
48439,0.0001319781,55.15,219.05,136.05
48113,0.0001430297,55.85,235.4,111.3
48397,0.00019472175,36.7,0.0,343.05
48315,0.0003046075,44.5,60.0,165.5
48257,0.0001755642,44.3,156.9,187.2
48423,0.00023987055,38.5,0.0,357.2
48183,0.0002376983,37.8,22.75,332.05
48251,0.0001672459,37.55,0.0,352.9
48221,0.00024301955000000002,36.35,0.0,353.65
48139,0.0001623795,47.15,176.5,170.65
48135,0.00021125765,41.25,297.8,0.0
48109,0.000240567,24.2,109.75,5.1
48141,0.00012303295,60.15,192.5,126.3
48309,0.00022261758823529412,45.11764705882353,131.58823529411765,146.94117647058823
48043,0.0002822775,42.1,64.85,291.25
48453,9.177395e-05,50.1,208.9,151.65
48339,0.0001393584,48.15,182.9,173.6
48361,0.0002060362,46.1,200.6,158.05
48245,0.00024583555,52.55,230.7,132.95
48201,0.0001359312,60.6,249.75,94.2
48055,0.000243735,48.5,96.0,0.0
48029,0.00014091640000000002,51.65,205.65,140.3
48039,0.0001395067,35.1,10.9,339.65
48167,0.0001764086,44.95,164.65,189.05
48469,0.00021394905000000002,31.6,0.0,347.7
48479,0.00015114124999999999,46.45,222.2,101.1
48355,0.00018833755,46.0,204.75,158.5
48215,0.00016122385,47.6,244.55,108.55
48061,0.0001735126,47.05,233.25,106.5
49005,0.0001431151,49.2,175.65,153.7
49003,0.00022882225,48.15,79.8,211.0
49057,0.0002105722,51.4,125.35,158.05
49011,0.000136964,44.5,61.8,174.6
49045,0.00015223521052631578,43.0,157.1578947368421,125.0
49035,0.00015749725,57.05,141.0,172.3
49047,0.00020861345,35.1,18.4,192.5
49049,0.0001121299,52.95,143.3,169.15
49019,0.0002297455,18.0,0.0,0.0
49055,0.0002965169,12.7,106.6,0.0
49037,0.0002373956,45.65,5.45,347.3
49017,0.0003055348,22.7,77.8,112.65
49053,0.0002325496,39.85,37.8,270.05
50007,0.00010749515,39.0,127.55,216.1
50023,0.0002223953333333333,47.333333333333336,114.33333333333333,0.0
50021,0.00019505055,35.7,215.55,34.65
50003,0.0002481732,38.15,114.45,233.8
51069,0.00019725175000000002,44.15,126.3,158.9
51107,7.885499999999999e-05,39.55,78.7,171.65
51840,0.0002871131,13.4,0.0,0.0
51187,0.00022089476923076921,14.384615384615385,0.0,0.0
51061,0.00022252669999999998,38.7,0.0,215.2
51013,0.00016046145,42.4,77.8,156.45
51139,0.0003168909375,47.0,86.75,173.5625
51047,0.000224849,14.461538461538462,0.0,0.0
51113,0.0002968328,43.7,48.75,303.05
51179,0.00012245005,42.35,0.0,215.85
51033,0.00020890325,40.45,0.0,209.1
51133,0.000433914,12.0,0.0,0.0
51101,0.00020847623529411766,13.058823529411764,0.0,0.0
51087,0.00026432844999999997,49.75,199.85,134.2
51760,0.0002521758,36.95,153.6,0.0
51041,0.00015102855000000002,45.75,89.65,170.8
51036,0.0002349356,38.85,81.05,166.6
51071,0.00030738645000000003,40.95,0.0,346.45
51680,0.0003079583,46.8,112.5,0.0
51161,0.0002926066,37.55,76.3,175.5
51147,0.0002693849,36.1,0.0,337.95
51770,0.00040519107142857145,31.357142857142858,215.78571428571428,0.0
51775,0.00043591489473684215,49.89473684210526,105.89473684210526,0.0
51195,0.000396835,19.0,0.0,0.0
51650,0.00021566085000000002,38.7,130.3,157.9
51197,0.00035217355,43.3,0.0,214.75
51710,0.00019697554999999997,30.1,114.4,0.0
51810,0.0001603398,46.1,270.95,0.0
51035,0.00043469315,12.1,0.0,0.0
51800,0.00020461889999999998,43.8,0.0,218.45
51550,0.00017489720000000002,47.2,255.6,0.0
51520,0.00065405805,50.15,117.4,0.0
53065,0.0001736963,41.8,299.65,0.0
53073,0.00016196155,32.0,249.05,89.4
53057,0.00020363045000000002,31.3,140.9,211.3
53007,0.0001692852,33.3,278.8,0.0
53009,0.00027844845,38.35,195.0,167.35
53061,0.0001290648,43.65,364.3,0.0
53031,0.00021531584999999999,31.1,309.35,0.0
53063,0.0001786646,47.6,266.75,85.6
53035,0.0001605579411764706,29.11764705882353,278.11764705882354,0.0
53033,0.0001358501,51.95,311.1,42.75
53037,0.00018035275,26.65,289.05,0.0
53053,0.00013325735,48.05,231.8,131.8
53001,0.00013041415,26.85,313.1,0.0
53075,0.0001384573,27.55,322.2,0.0
53067,0.0001433621,35.8,245.95,111.1
53077,0.0001574044,39.15,300.0,0.0
53041,0.00021424025,24.0,229.75,28.0
53005,0.00011515685000000001,31.65,265.3,28.4
53071,0.0002181466,28.75,272.1,0.0
53003,0.0002939816,31.55,218.35,0.0
53015,0.0001944831,25.55,294.7,0.0
53011,0.00011508285,38.15,261.25,82.65
53039,0.00012834345,28.3,136.15,46.85
54029,0.00057939625,40.65,92.2,162.05
54009,0.000609648,23.7,121.0,0.0
54069,0.00045658775,46.0,90.95,173.25
54051,0.00043133905,56.2,265.55,0.0
54061,0.0001563256,45.95,105.55,160.7
54049,0.00027501705,53.55,114.1,0.0
54003,0.00019503665,47.75,93.95,160.05
54033,0.00028748215000000003,51.0,115.5,0.0
54107,0.00031460685,48.5,101.9,165.2
54093,0.00030775805,37.3,47.05,311.95
54021,0.0002910657,32.25,0.0,348.9
54039,0.0003047137,46.15,146.2,138.05
54011,0.00028110280000000004,48.35,94.85,167.55
54025,0.00036490205,43.05,0.0,214.45
54081,0.0002489056875,48.625,104.75,0.0
54089,0.0003217431666666667,46.333333333333336,106.83333333333333,0.0
54055,0.0003957755,54.666666666666664,108.83333333333333,0.0
55031,0.00027100433333333336,28.5,62.333333333333336,0.0
55119,0.0002003421,37.15,80.75,265.0
55109,0.00017208054545454546,39.72727272727273,57.45454545454545,214.54545454545453
55141,0.000275608,47.75,93.25,0.0
55123,0.0003099319090909091,41.0,0.0,194.1818181818182
55043,0.0002951961,46.65,208.35,0.0
55125,0.0002582525,36.4,50.5,192.55
55037,0.000274916,37.45454545454545,0.0,184.45454545454547
55085,0.0002691855,38.166666666666664,0.0,187.33333333333334
55029,0.00024993594999999996,38.75,12.3,189.75
55073,0.0001962714,39.0,0.0,199.2
55061,0.00023542635,40.0,0.0,198.35
55009,0.0001578866,44.15,190.25,129.5
55087,0.00019657015,42.75,149.6,152.2
55071,0.00028379195000000003,40.45,42.15,183.8
55139,0.0002093985,43.5,65.0,166.75
55039,0.00020499199999999998,40.0,0.0,197.9
55117,0.00026153605,41.3,0.0,195.65
55021,0.0002080222,41.05,0.0,199.7
55111,0.00029685110000000003,39.65,118.15,208.2
55027,0.00023333099999999998,43.25,143.9,216.8
55131,0.00017675827272727274,40.36363636363637,0.0,184.9090909090909
55089,0.00016846795,42.7,118.3,170.9
55025,0.00016137145,46.85,196.7,126.3
55055,0.00018769125,42.15,14.25,189.85
55133,0.00021746460000000002,44.95,207.1,109.1
55079,0.00020531099999999999,47.45,189.2,134.45
55045,0.0003207414,41.8,0.0,161.8
55105,0.0002460902,42.5,13.85,192.25
55127,0.00023081799999999998,41.8,0.0,194.85
55101,0.0002454832105263158,36.8421052631579,0.0,190.57894736842104
55059,0.00021038925,46.85,127.75,168.25
56029,0.00027740435,18.0,91.15,18.7
56005,9.3676e-05,46.55,35.1,179.1
56033,0.00046850355,33.85,91.5,94.95
56039,9.365635e-05,43.7,20.65,336.35
56013,0.0002701761,40.6,64.15,202.85
56025,0.0002214257,26.55,20.85,132.1
56009,0.0001890778,30.1,27.7,105.05
56035,0.00017718485,47.35,22.35,330.4
56023,0.00019836025,15.3,0.0,0.0
56031,0.0003295486,15.6,0.0,0.0
56007,0.0002546542352941177,36.294117647058826,1.2941176470588236,228.1764705882353
56001,0.0001520956,48.2,6.1,318.05
56037,0.00020521519999999998,39.15,7.55,211.4
56021,0.00020691020000000002,32.25,76.1,142.1
2068,0.00015797484999999998,32.85,5.5,354.3
4027,0.00024801245,45.1,42.3,168.8
15009,0.00015129435000000002,24.4,231.5,0.0
24031,0.0001717358,48.75,165.1,141.5
24033,0.0001717358,48.15,154.2,202.6
35061,0.00019786250000000002,39.166666666666664,64.27777777777777,272.8333333333333
51059,0.00012551975,52.1,230.2,119.25
51165,0.00025386705,33.0,53.1,115.3
51630,0.00018821083333333332,13.444444444444445,0.0,0.0
51540,0.0002392325,17.25,0.0,0.0
51163,0.0002706477,41.65,85.6,175.55
51700,0.0001638285,46.5,91.33333333333333,27.166666666666668
12086,0.0001363386,52.15,310.3,51.05
46071,0.000280503,35.2,58.8,261.15
51153,0.0001063724,31.75,0.0,211.75
2130,0.000110419,19.0,45.0,0.0
8001,0.0001462588,49.35,79.4,149.05
8005,0.0001462588,45.05,34.35,316.9
8013,0.0001462588,45.45,57.65,286.75
8031,0.0001462588,53.05,138.6,119.6
8059,0.0001462588,45.4,0.0,359.3
8123,0.0001462588,47.05,73.5,276.8
2122,0.00012163552631578948,8.263157894736842,105.78947368421052,0.0
2013,5.707894736842105e-05,12.68421052631579,109.15789473684211,0.0
12055,0.0003184287368421053,34.1578947368421,0.0,338.8421052631579
12061,0.0001985378947368421,37.63157894736842,0.0,325.8421052631579
16039,0.0001276312,43.4,0.0,188.0
17023,0.0002947417894736842,39.36842105263158,0.0,214.1578947368421
18015,0.000253910052631579,42.89473684210526,0.0,197.52631578947367
18175,0.00022082769999999999,52.7,115.6,0.0
18183,0.00023475984210526317,37.36842105263158,173.8421052631579,0.0
19111,0.0003710923157894737,39.421052631578945,79.63157894736842,0.0
21177,0.0004999365,41.0,0.0,166.0
22127,0.00048112169999999996,46.2,112.3,0.0
26033,0.00019240347368421054,40.8421052631579,138.57894736842104,49.89473684210526
28003,0.00039417499999999997,42.0,0.0,181.0
29125,0.00031651475,54.75,80.5,0.0
29211,0.000460213,6.0,0.0,0.0
29213,0.0002822567894736842,39.68421052631579,99.73684210526316,80.84210526315789
30057,0.0002734083333333333,7.0,0.0,0.0
30095,0.0002184435,4.0,0.0,0.0
30097,0.0003182895,6.333333333333333,0.0,0.0
36083,0.00018184941666666665,34.083333333333336,0.0,324.5
37151,0.0002637145,47.25,0.0,213.25
37189,0.00018777986666666666,45.6,118.46666666666667,0.0
46093,0.00018916836842105265,32.421052631578945,22.210526315789473,237.52631578947367
46109,0.000296539,6.0,0.0,0.0
47063,0.0002782676666666667,38.333333333333336,0.0,216.0
47131,0.00036246466666666665,41.0,0.0,198.33333333333334
48203,0.00019118547368421053,47.36842105263158,204.89473684210526,147.31578947368422
51085,0.000209173,43.73684210526316,0.0,214.0
53045,0.00017870036842105265,31.42105263157895,312.8421052631579,18.105263157894736
53047,0.0001963013157894737,42.8421052631579,339.63157894736844,0.0
55003,0.00037819757894736844,30.63157894736842,27.57894736842105,267.2105263157895
13069,0.00026915794444444443,47.0,64.83333333333333,0.0
16015,0.000132813,43.416666666666664,243.0,0.0
16049,0.0003092083125,28.875,269.8125,27.4375
16057,0.00013104823529411767,17.764705882352942,275.3529411764706,0.0
16085,0.00015940423076923074,34.30769230769231,238.3846153846154,0.0
19137,0.00043633794444444444,43.888888888888886,179.94444444444446,127.0
20013,0.0005193991000000001,42.7,105.1,0.0
20017,0.00037249799999999997,32.666666666666664,113.0,0.0
20087,0.000236997,50.0,0.0,144.0
20161,0.0001493805,39.25,0.0,324.75
21125,0.0002443136,56.4,53.0,0.0
27133,0.0003154630714285715,33.714285714285715,108.5,0.0
27169,0.00015075455555555557,30.833333333333332,126.5,0.0
28043,0.0004231745714285714,48.214285714285715,85.07142857142857,0.0
29019,0.00015405925,44.25,30.375,154.75
29053,0.0003781778,54.8,41.2,0.0
30003,0.00023176614285714284,22.142857142857142,0.0,0.0
30065,0.0003274235,2.5,0.0,0.0
31069,0.00047978421428571425,18.285714285714285,112.85714285714286,0.0
35027,0.00019766105555555553,16.444444444444443,110.33333333333333,0.0
36075,0.00019961027777777777,35.0,0.0,278.44444444444446
39053,0.00022975600000000001,58.0,44.333333333333336,0.0
40001,0.00021880583333333333,45.5,122.22222222222223,225.66666666666666
40043,0.00039747861111111114,43.05555555555556,85.38888888888889,265.5
40045,0.0003847779285714286,30.857142857142858,111.14285714285714,0.0
45075,0.00024635566666666666,30.0,72.66666666666667,77.66666666666667
48243,0.0002634251111111111,22.444444444444443,176.11111111111111,0.0
49013,0.00021415800000000002,32.92857142857143,29.357142857142858,205.0
53027,0.00024282722222222222,30.22222222222222,347.8888888888889,0.0
53059,0.00011830799999999999,25.0,72.5,0.0
55035,0.00021713826666666666,32.53333333333333,111.86666666666666,96.8
55041,0.00028700205555555556,32.888888888888886,47.611111111111114,269.44444444444446
56019,0.00026373775,12.75,92.125,35.6875
1005,0.00026483175,51.75,33.5,0.0
1083,0.00022596250000000002,37.5,0.0,178.0
18085,0.000256888,50.0,0.0,172.0
19197,0.0005400752857142858,47.142857142857146,110.71428571428571,0.0
20045,0.00013431625,38.75,0.0,307.5
20103,0.00015023476470588234,35.76470588235294,0.0,353.70588235294116
25007,0.00033167211764705885,38.11764705882353,55.0,218.05882352941177
26089,0.0001985675,41.0,0.0,173.33333333333334
27021,0.00022005699999999998,24.916666666666668,91.16666666666667,0.0
27049,0.00022412258823529413,39.588235294117645,0.0,195.23529411764707
31173,0.00023596016666666667,36.0,88.16666666666667,0.0
32021,0.0005009686000000001,14.6,28.6,0.0
32023,0.00037223623529411765,21.88235294117647,0.0,0.0
37075,0.00036205705882352943,47.470588235294116,0.0,205.76470588235293
37127,0.000320075,37.0,26.0,0.0
40033,0.000253882125,42.625,0.0,258.5
40037,0.00024479,38.94117647058823,0.0,349.7647058823529
40069,0.0003387816,40.8,0.0,185.2
46029,0.00025691799999999997,34.0,196.64705882352942,0.0
47085,0.000490817,38.0,0.0,344.0
47105,0.0003479110588235294,47.94117647058823,77.11764705882354,189.41176470588235
48209,0.00012134488888888888,37.0,0.0,199.33333333333334
48231,0.0002265364705882353,36.470588235294116,0.0,352.05882352941177
48273,0.00027001788235294115,46.294117647058826,282.11764705882354,4.0588235294117645
50001,0.0001232915,37.0,95.5,0.0
50025,0.0001912898,14.533333333333333,61.0,0.0
53013,0.0002374835882352941,25.58823529411765,337.4117647058824,0.0
53021,8.107305882352941e-05,26.294117647058822,351.2352941176471,0.0
53025,0.0001498650588235294,29.529411764705884,342.0,0.0
54099,0.00024639233333333333,32.333333333333336,0.0,0.0
1071,0.00033282449999999996,34.0,0.0,173.5
2188,0.000148443,11.0,21.0,0.0
2230,9.7839e-05,18.5,62.5,0.0
2275,0.00012389266666666668,6.0,96.66666666666667,0.0
16041,0.0002560815625,33.125,262.125,0.0
16045,0.00032938099999999996,53.666666666666664,23.0,0.0
24023,0.000253230375,43.3125,102.8125,251.3125
28093,0.00020251550000000002,34.0,0.0,178.0
29049,0.000331576,43.375,0.0,221.5
29157,0.000239364875,44.0625,0.0,221.4375
30055,0.00029816,7.0,0.0,0.0
40135,0.000272189625,41.625,86.375,180.25
42063,0.00032573875,35.3125,0.0,276.5625
47031,0.00036240700000000003,36.0,0.0,176.5
48373,0.00029280025,34.4375,0.0,317.3125
55135,0.00043508333333333333,50.666666666666664,32.333333333333336,0.0
4012,0.000241745,47.06666666666667,11.133333333333333,249.06666666666666
13073,0.00018582746666666666,40.53333333333333,0.0,239.86666666666667
13297,0.0001927025,56.0,324.0,0.0
21183,0.00029329616666666665,48.666666666666664,214.5,69.33333333333333
22103,0.00018814826666666666,47.06666666666667,156.73333333333332,132.93333333333334
26043,0.000366922,41.0,46.0,0.0
26071,0.0005743725,21.0,22.0,0.0
27005,0.00023518353333333334,37.46666666666667,203.46666666666667,145.73333333333332
27083,0.0002093057333333333,41.13333333333333,222.86666666666667,127.66666666666667
32001,0.0003077012666666667,41.6,0.0,247.4
41001,0.00023787033333333335,33.266666666666666,354.8666666666667,0.0
41019,0.00021268986666666666,32.266666666666666,342.0,0.0
41023,0.0002783548666666667,39.4,353.93333333333334,0.0
48149,0.00035188007142857144,39.92857142857143,355.64285714285717,0.0
48323,0.00024791386666666665,41.53333333333333,311.6,0.0
48485,0.0001780361,37.3,305.0,0.0
55063,0.00022991626666666668,44.93333333333333,161.86666666666667,128.4
5067,0.0004369312857142857,47.285714285714285,117.0,0.0
27031,0.00022165964285714284,21.0,313.5,0.0
31107,0.00044639257142857144,34.857142857142854,0.0,316.14285714285717
42089,0.00015698592857142857,40.857142857142854,99.85714285714286,207.78571428571428
51670,0.0002896038571428571,12.428571428571429,0.0,0.0
53051,0.00019413466666666666,16.333333333333332,255.83333333333334,0.0
8019,0.00011809092307692307,63.53846153846154,0.0,191.46153846153845
8093,8.973361538461539e-05,51.84615384615385,1.0,279.84615384615387
21123,0.0003406,47.0,0.0,170.0
24047,0.00025365325,44.5,0.0,156.0
26141,0.000246797,9.0,0.0,0.0
28155,0.00038681800000000004,38.0,0.0,139.0
30043,0.0001417205,16.0,0.0,0.0
31165,0.0001875226666666667,48.0,0.0,100.33333333333333
32019,0.00024234884615384613,42.76923076923077,0.0,243.23076923076923
48381,0.000169241,42.0,0.0,343.84615384615387
56041,0.0001589113076923077,42.84615384615385,0.0,355.84615384615387
2290,0.000170159,6.75,92.125,0.0
12091,0.00017183066666666665,34.083333333333336,0.0,325.6666666666667
30083,0.00021961433333333332,38.5,122.5,201.5
35031,0.000247977,14.333333333333334,0.0,0.0
41013,0.00016019483333333333,36.333333333333336,334.5,0.0
41031,0.00012448409090909092,37.81818181818182,198.45454545454547,0.0
41071,0.0001695425,21.5,278.0,0.0
51003,0.00021376508333333335,42.5,177.16666666666666,146.75
56011,0.000175721,45.6,0.0,142.0
8015,0.0002352368181818182,49.18181818181818,0.0,132.1818181818182
8075,0.00031551,47.0,0.0,113.0
8087,0.000324395,46.0,0.0,132.0
18105,0.0001734881818181818,45.27272727272727,330.3636363636364,0.0
26047,0.000144528,25.0,26.0,0.0
29003,0.0001991770909090909,41.18181818181818,0.0,223.0909090909091
29027,0.00022034527272727272,40.54545454545455,0.0,224.9090909090909
36087,0.00024874972727272727,40.27272727272727,130.0,217.72727272727272
38101,0.00026680139999999997,21.8,82.4,126.0
46127,0.00020946154545454544,44.45454545454545,211.63636363636363,142.54545454545453
48027,0.00014071363636363637,39.0,13.909090909090908,335.0
48349,0.00021688327272727272,46.27272727272727,190.9090909090909,157.36363636363637
5141,0.00043675150000000004,25.0,0.0,223.5
8103,0.0001896394,47.6,141.2,222.3
12085,0.0001601389,42.3,237.6,106.8
16031,0.0002368445,45.0,0.0,179.5
19171,0.000309104,45.0,76.0,0.0
30075,0.0004157097,40.1,109.1,218.9
39001,0.0003648743,37.2,332.8,0.0
40089,0.0002684016666666667,40.0,0.0,285.6666666666667
40113,0.00019241271428571428,38.57142857142857,0.0,302.7142857142857
49009,0.00024310820000000003,46.8,0.0,154.0
55017,0.00024108675,10.5,0.0,0.0
56003,0.0003079843,38.4,11.6,321.4
6003,0.0001691915,52.0,28.0,0.0
8081,0.000209486125,41.75,0.0,286.125
12035,0.0001806097777777778,34.0,0.0,323.3333333333333
41011,0.00021707875,23.25,154.0,0.0
42075,0.00031293577777777776,52.55555555555556,236.11111111111111,122.0
48171,0.00036086,44.0,0.0,183.0
49007,0.0003714581111111111,45.44444444444444,0.0,323.6666666666667
55005,0.00031171866666666664,15.666666666666666,0.0,0.0
30071,0.000355914375,34.125,84.75,251.875
55053,0.00021089950000000002,8.5,0.0,0.0
55081,0.0002057665,11.5,0.0,0.0
56045,0.000308580875,40.875,4.25,303.625
37105,0.00023132566666666664,47.0,177.5,108.66666666666667
38105,0.00021436171428571428,37.57142857142857,135.57142857142858,214.0
40013,0.00023911575000000002,37.75,0.0,266.25
42015,0.00024719357142857144,36.57142857142857,108.0,242.42857142857142
55121,0.000288708,12.0,0.0,0.0
18013,0.00022950666666666665,36.666666666666664,0.0,233.16666666666666
18107,0.0002297895,54.5,133.5,0.0
24027,0.0001282495,45.333333333333336,286.0,0.0
25011,0.00035534900000000003,40.5,172.5,188.0
27007,0.00022658516666666665,25.666666666666668,310.8333333333333,0.0
56015,0.000354323,33.0,120.33333333333333,83.0
8049,0.0001044252,43.6,0.0,123.4
16013,0.0001182308,15.0,242.4,0.0
16053,0.0001550524,21.4,236.2,0.0
22099,0.00020890560000000002,36.0,0.0,296.0
38093,0.0002769133333333333,10.333333333333334,0.0,0.0
46065,0.0003817362,18.2,355.8,0.0
40051,0.00016333500000000002,8.5,0.0,0.0
40147,0.00028310366666666663,48.333333333333336,109.33333333333333,106.33333333333333
18153,0.00027379199999999997,42.333333333333336,187.0,0.0
40023,0.00028164233333333335,37.333333333333336,0.0,265.0
53023,0.00027407766666666665,23.666666666666668,301.6666666666667,0.0
2050,0.00015942499999999999,16.0,184.5,0.0
39067,0.000358777,2.5,48.5,0.0
40079,0.00027755200000000003,35.0,35.0,0.0
40105,0.00034784050000000004,46.5,225.5,134.0
42051,0.0002945465,42.0,145.0,148.5
42115,0.00027530999999999996,32.0,220.0,0.0
49021,0.0001893045,43.5,52.0,306.0
2185,0.000101242,6.0,110.0,0.0
5007,9.26e-05,47.0,146.0,0.0
8047,9.65e-05,45.0,0.0,143.0
40053,0.000246577,22.0,27.0,0.0
42131,0.000256831,38.0,27.0,0.0
53055,0.000209856,21.0,112.0,0.0
<NA>,nan,nan,nan,nan
